decade,X.Intercept.
1900,0.11306738748192706
1910,0.055205875518652116
1920,0.07828978479520822
1930,0.06443312229968137
1940,-0.06723512821481059
1950,-0.2236108514881632
